2024,Eastern Conf First Round,,Boston Celtics (1),4,,Miami Heat (8),1,5
2024,Eastern Conf First Round,,Cleveland Cavaliers (4),4,,Orlando Magic (5),3,7
2024,Eastern Conf First Round,,Indiana Pacers (6),4,,Milwaukee Bucks (3),2,6
2024,Eastern Conf First Round,,New York Knicks (2),4,,Philadelphia 76ers (7),2,6
2024,Western Conf First Round,,Oklahoma City Thunder (1),4,,New Orleans Pelicans (8),0,4
2024,Western Conf First Round,,Dallas Mavericks (5),4,,Los Angeles Clippers (4),2,6
2024,Western Conf First Round,,Minnesota Timberwolves (3),4,,Phoenix Suns (6),0,4
2024,Western Conf First Round,,Denver Nuggets (2),4,,Los Angeles Lakers (7),1,5
2024,Eastern Conf Semifinals,,Indiana Pacers (6),4,,New York Knicks (2),3,7
2024,Western Conf Semifinals,,Dallas Mavericks (5),4,,Oklahoma City Thunder (1),2,6
2024,Western Conf Semifinals,,Minnesota Timberwolves (3),4,,Denver Nuggets (2),3,7
2024,Eastern Conf Semifinals,,Boston Celtics (1),4,,Cleveland Cavaliers (4),1,5
2024,Eastern Conf Finals,,Boston Celtics (1),4,,Indiana Pacers (6),0,4
2024,Western Conf Finals,,Dallas Mavericks (5),4,,Minnesota Timberwolves (3),1,5
2024,Finals,,Boston Celtics (1),4,,Dallas Mavericks (5),1,5
Yr,Series,,Team,W,,Team,W,0
2023,Eastern Conf First Round,,Miami Heat (8),4,,Milwaukee Bucks (1),1,5
2023,Eastern Conf First Round,,New York Knicks (5),4,,Cleveland Cavaliers (4),1,5
2023,Eastern Conf First Round,,Philadelphia 76ers (3),4,,Brooklyn Nets (6),0,4
2023,Eastern Conf First Round,,Boston Celtics (2),4,,Atlanta Hawks (7),2,6
2023,Western Conf First Round,,Denver Nuggets (1),4,,Minnesota Timberwolves (8),1,5
2023,Western Conf First Round,,Phoenix Suns (4),4,,Los Angeles Clippers (5),1,5
2023,Western Conf First Round,,Golden State Warriors (6),4,,Sacramento Kings (3),3,7
2023,Western Conf First Round,,Los Angeles Lakers (7),4,,Memphis Grizzlies (2),2,6
2023,Eastern Conf Semifinals,,Miami Heat (8),4,,New York Knicks (5),2,6
2023,Eastern Conf Semifinals,,Boston Celtics (2),4,,Philadelphia 76ers (3),3,7
2023,Western Conf Semifinals,,Denver Nuggets (1),4,,Phoenix Suns (4),2,6
2023,Western Conf Semifinals,,Los Angeles Lakers (7),4,,Golden State Warriors (6),2,6
2023,Western Conf Finals,,Denver Nuggets (1),4,,Los Angeles Lakers (7),0,4
2023,Eastern Conf Finals,,Miami Heat (8),4,,Boston Celtics (2),3,7
2023,Finals,,Denver Nuggets (1),4,,Miami Heat (8),1,5
,,,,,,,,0
2022,Eastern Conf First Round,,Milwaukee Bucks (3),4,,Chicago Bulls (6),1,5
2022,Western Conf First Round,,Memphis Grizzlies (2),4,,Minnesota Timberwolves (7),2,6
2022,Eastern Conf First Round,,Boston Celtics (2),4,,Brooklyn Nets (7),0,4
2022,Western Conf First Round,,Golden State Warriors (3),4,,Denver Nuggets (6),1,5
2022,Western Conf First Round,,Dallas Mavericks (4),4,,Utah Jazz (5),2,6
2022,Eastern Conf First Round,,Philadelphia 76ers (4),4,,Toronto Raptors (5),2,6
2022,Western Conf First Round,,Phoenix Suns (1),4,,New Orleans Pelicans (8),2,6
2022,Eastern Conf First Round,,Miami Heat (1),4,,Atlanta Hawks (8),1,5
2022,Eastern Conf Semifinals,,Boston Celtics (2),4,,Milwaukee Bucks (3),3,7
2022,Eastern Conf Semifinals,,Miami Heat (1),4,,Philadelphia 76ers (4),2,6
2022,Western Conf Semifinals,,Dallas Mavericks (4),4,,Phoenix Suns (1),3,7
2022,Western Conf Semifinals,,Golden State Warriors (3),4,,Memphis Grizzlies (2),2,6
2022,Western Conf Finals,,Golden State Warriors (3),4,,Dallas Mavericks (4),1,5
2022,Eastern Conf Finals,,Boston Celtics (2),4,,Miami Heat (1),3,7
2022,Finals,,Golden State Warriors (3),4,,Boston Celtics (2),2,6
,,,,,,,,0
2021,Eastern Conf First Round,,Milwaukee Bucks (3),4,,Miami Heat (6),0,4
2021,Western Conf First Round,,Los Angeles Clippers (4),4,,Dallas Mavericks (5),3,7
2021,Eastern Conf First Round,,Brooklyn Nets (2),4,,Boston Celtics (7),1,5
2021,Western Conf First Round,,Denver Nuggets (3),4,,Portland Trail Blazers (6),2,6
2021,Eastern Conf First Round,,Philadelphia 76ers (1),4,,Washington Wizards (8),1,5
2021,Western Conf First Round,,Utah Jazz (1),4,,Memphis Grizzlies (8),1,5
2021,Eastern Conf First Round,,Atlanta Hawks (5),4,,New York Knicks (4),1,5
2021,Western Conf First Round,,Phoenix Suns (2),4,,Los Angeles Lakers (7),2,6
2021,Eastern Conf Semifinals,,Milwaukee Bucks (3),4,,Brooklyn Nets (2),3,7
2021,Eastern Conf Semifinals,,Atlanta Hawks (5),4,,Philadelphia 76ers (1),3,7
2021,Western Conf Semifinals,,Phoenix Suns (2),4,,Denver Nuggets (3),0,4
2021,Western Conf Semifinals,,Los Angeles Clippers (4),4,,Utah Jazz (1),2,6
2021,Western Conf Finals,,Phoenix Suns (2),4,,Los Angeles Clippers (4),2,6
2021,Eastern Conf Finals,,Milwaukee Bucks (3),4,,Atlanta Hawks (5),2,6
2021,Finals,,Milwaukee Bucks (3),4,,Phoenix Suns (2),2,6
Yr,Series,,Team,W,,Team,W,0
2020,Eastern Conf First Round,,Milwaukee Bucks (1),4,,Orlando Magic (8),1,5
2020,Eastern Conf First Round,,Toronto Raptors (2),4,,Brooklyn Nets (7),0,4
2020,Eastern Conf First Round,,Boston Celtics (3),4,,Philadelphia 76ers (6),0,4
2020,Eastern Conf First Round,,Miami Heat (5),4,,Indiana Pacers (4),0,4
2020,Western Conf First Round,,Los Angeles Lakers (1),4,,Portland Trail Blazers (8),1,5
2020,Western Conf First Round,,Los Angeles Clippers (2),4,,Dallas Mavericks (7),2,6
2020,Western Conf First Round,,Denver Nuggets (3),4,,Utah Jazz (6),3,7
2020,Western Conf First Round,,Houston Rockets (4),4,,Oklahoma City Thunder (5),3,7
2020,Eastern Conf Semifinals,,Boston Celtics (3),4,,Toronto Raptors (2),3,7
2020,Eastern Conf Semifinals,,Miami Heat (5),4,,Milwaukee Bucks (1),1,5
2020,Western Conf Semifinals,,Denver Nuggets (3),4,,Los Angeles Clippers (2),3,7
2020,Western Conf Semifinals,,Los Angeles Lakers (1),4,,Houston Rockets (4),1,5
2020,Eastern Conf Finals,,Miami Heat (5),4,,Boston Celtics (3),2,6
2020,Western Conf Finals,,Los Angeles Lakers (1),4,,Denver Nuggets (3),1,5
2020,Finals,,Los Angeles Lakers (1),4,,Miami Heat (5),2,6
,,,,,,,,0
2019,Eastern Conf First Round,,Milwaukee Bucks (1),4,,Detroit Pistons (8),0,4
2019,Eastern Conf First Round,,Toronto Raptors (2),4,,Orlando Magic (7),1,5
2019,Eastern Conf First Round,,Philadelphia 76ers (3),4,,Brooklyn Nets (6),1,5
2019,Eastern Conf First Round,,Boston Celtics (4),4,,Indiana Pacers (5),0,4
2019,Western Conf First Round,,Golden State Warriors (1),4,,Los Angeles Clippers (8),2,6
2019,Western Conf First Round,,Denver Nuggets (2),4,,San Antonio Spurs (7),3,7
2019,Western Conf First Round,,Portland Trail Blazers (3),4,,Oklahoma City Thunder (6),1,5
2019,Western Conf First Round,,Houston Rockets (4),4,,Utah Jazz (5),1,5
2019,Eastern Conf Semifinals,,Milwaukee Bucks (1),4,,Boston Celtics (4),1,5
2019,Eastern Conf Semifinals,,Toronto Raptors (2),4,,Philadelphia 76ers (3),3,7
2019,Western Conf Semifinals,,Golden State Warriors (1),4,,Houston Rockets (4),2,6
2019,Western Conf Semifinals,,Portland Trail Blazers (3),4,,Denver Nuggets (2),3,7
2019,Eastern Conf Finals,,Toronto Raptors (2),4,,Milwaukee Bucks (1),2,6
2019,Western Conf Finals,,Golden State Warriors (1),4,,Portland Trail Blazers (3),0,4
2019,Finals,,Toronto Raptors (2),4,,Golden State Warriors (1),2,6
,,,,,,,,0
2018,Eastern Conf First Round,,Toronto Raptors (1),4,,Washington Wizards (8),2,6
2018,Eastern Conf First Round,,Boston Celtics (2),4,,Milwaukee Bucks (7),3,7
2018,Eastern Conf First Round,,Philadelphia 76ers (3),4,,Miami Heat (6),1,5
2018,Eastern Conf First Round,,Cleveland Cavaliers (4),4,,Indiana Pacers (5),3,7
2018,Western Conf First Round,,Houston Rockets (1),4,,Minnesota Timberwolves (8),1,5
2018,Western Conf First Round,,Golden State Warriors (2),4,,San Antonio Spurs (7),1,5
2018,Western Conf First Round,,New Orleans Pelicans (6),4,,Portland Trail Blazers (3),0,4
2018,Western Conf First Round,,Utah Jazz (5),4,,Oklahoma City Thunder (4),2,6
2018,Western Conf Semifinals,,Golden State Warriors (2),4,,New Orleans Pelicans (6),1,5
2018,Western Conf Semifinals,,Houston Rockets (1),4,,Utah Jazz (5),1,5
2018,Eastern Conf Semifinals,,Boston Celtics (2),4,,Philadelphia 76ers (3),1,5
2018,Eastern Conf Semifinals,,Cleveland Cavaliers (4),4,,Toronto Raptors (1),0,4
2018,Eastern Conf Finals,,Cleveland Cavaliers (4),4,,Boston Celtics (2),3,7
2018,Western Conf Finals,,Golden State Warriors (2),4,,Houston Rockets (1),3,7
2018,Finals,,Golden State Warriors (2),4,,Cleveland Cavaliers (4),0,4
Yr,Series,,Team,W,,Team,W,0
2017,Eastern Conf First Round,,Boston Celtics (1),4,,Chicago Bulls (8),2,6
2017,Eastern Conf First Round,,Cleveland Cavaliers (2),4,,Indiana Pacers (7),0,4
2017,Eastern Conf First Round,,Toronto Raptors (3),4,,Milwaukee Bucks (6),2,6
2017,Eastern Conf First Round,,Washington Wizards (4),4,,Atlanta Hawks (5),2,6
2017,Western Conf First Round,,Golden State Warriors (1),4,,Portland Trail Blazers (8),0,4
2017,Western Conf First Round,,San Antonio Spurs (2),4,,Memphis Grizzlies (7),2,6
2017,Western Conf First Round,,Houston Rockets (3),4,,Oklahoma City Thunder (6),1,5
2017,Western Conf First Round,,Utah Jazz (5),4,,Los Angeles Clippers (4),3,7
2017,Eastern Conf Semifinals,,Cleveland Cavaliers (2),4,,Toronto Raptors (3),0,4
2017,Eastern Conf Semifinals,,Boston Celtics (1),4,,Washington Wizards (4),3,7
2017,Western Conf Semifinals,,Golden State Warriors (1),4,,Utah Jazz (5),0,4
2017,Western Conf Semifinals,,San Antonio Spurs (2),4,,Houston Rockets (3),2,6
2017,Western Conf Finals,,Golden State Warriors (1),4,,San Antonio Spurs (2),0,4
2017,Eastern Conf Finals,,Cleveland Cavaliers (2),4,,Boston Celtics (1),1,5
2017,Finals,,Golden State Warriors (1),4,,Cleveland Cavaliers (2),1,5
,,,,,,,,0
2016,Eastern Conf First Round,,Cleveland Cavaliers (1),4,,Detroit Pistons (8),0,4
2016,Eastern Conf First Round,,Toronto Raptors (2),4,,Indiana Pacers (7),3,7
2016,Eastern Conf First Round,,Miami Heat (3),4,,Charlotte Hornets (6),3,7
2016,Eastern Conf First Round,,Atlanta Hawks (4),4,,Boston Celtics (5),2,6
2016,Western Conf First Round,,Golden State Warriors (1),4,,Houston Rockets (8),1,5
2016,Western Conf First Round,,San Antonio Spurs (2),4,,Memphis Grizzlies (7),0,4
2016,Western Conf First Round,,Oklahoma City Thunder (3),4,,Dallas Mavericks (6),1,5
2016,Western Conf First Round,,Portland Trail Blazers (5),4,,Los Angeles Clippers (4),2,6
2016,Eastern Conf Semifinals,,Cleveland Cavaliers (1),4,,Atlanta Hawks (4),0,4
2016,Eastern Conf Semifinals,,Toronto Raptors (2),4,,Miami Heat (3),3,7
2016,Western Conf Semifinals,,Golden State Warriors (1),4,,Portland Trail Blazers (5),1,5
2016,Western Conf Semifinals,,Oklahoma City Thunder (3),4,,San Antonio Spurs (2),2,6
2016,Eastern Conf Finals,,Cleveland Cavaliers (1),4,,Toronto Raptors (2),2,6
2016,Western Conf Finals,,Golden State Warriors (1),4,,Oklahoma City Thunder (3),3,7
2016,Finals,,Cleveland Cavaliers (1),4,,Golden State Warriors (1),3,7
,,,,,,,,0
2015,Eastern Conf First Round,,Atlanta Hawks (1),4,,Brooklyn Nets (8),2,6
2015,Eastern Conf First Round,,Cleveland Cavaliers (2),4,,Boston Celtics (7),0,4
2015,Eastern Conf First Round,,Chicago Bulls (3),4,,Milwaukee Bucks (6),2,6
2015,Eastern Conf First Round,,Washington Wizards (5),4,,Toronto Raptors (4),0,4
2015,Western Conf First Round,,Golden State Warriors (1),4,,New Orleans Pelicans (8),0,4
2015,Western Conf First Round,,Houston Rockets (2),4,,Dallas Mavericks (7),1,5
2015,Western Conf First Round,,Los Angeles Clippers (3),4,,San Antonio Spurs (6),3,7
2015,Western Conf First Round,,Memphis Grizzlies (5),4,,Portland Trail Blazers (4),1,5
2015,Eastern Conf Semifinals,,Cleveland Cavaliers (2),4,,Chicago Bulls (3),2,6
2015,Eastern Conf Semifinals,,Atlanta Hawks (1),4,,Washington Wizards (5),2,6
2015,Western Conf Semifinals,,Houston Rockets (2),4,,Los Angeles Clippers (3),3,7
2015,Western Conf Semifinals,,Golden State Warriors (1),4,,Memphis Grizzlies (5),2,6
2015,Eastern Conf Finals,,Cleveland Cavaliers (2),4,,Atlanta Hawks (1),0,4
2015,Western Conf Finals,,Golden State Warriors (1),4,,Houston Rockets (2),1,5
2015,Finals,,Golden State Warriors (1),4,,Cleveland Cavaliers (2),2,6
Yr,Series,,Team,W,,Team,W,0
2014,Eastern Conf First Round,,Indiana Pacers (1),4,,Atlanta Hawks (8),3,7
2014,Eastern Conf First Round,,Miami Heat (2),4,,Charlotte Bobcats (7),0,4
2014,Eastern Conf First Round,,Brooklyn Nets (6),4,,Toronto Raptors (3),3,7
2014,Eastern Conf First Round,,Washington Wizards (5),4,,Chicago Bulls (4),1,5
2014,Western Conf First Round,,San Antonio Spurs (1),4,,Dallas Mavericks (8),3,7
2014,Western Conf First Round,,Oklahoma City Thunder (2),4,,Memphis Grizzlies (7),3,7
2014,Western Conf First Round,,Los Angeles Clippers (3),4,,Golden State Warriors (6),3,7
2014,Western Conf First Round,,Portland Trail Blazers (5),4,,Houston Rockets (4),2,6
2014,Eastern Conf Semifinals,,Indiana Pacers (1),4,,Washington Wizards (5),2,6
2014,Eastern Conf Semifinals,,Miami Heat (2),4,,Brooklyn Nets (6),1,5
2014,Western Conf Semifinals,,San Antonio Spurs (1),4,,Portland Trail Blazers (5),1,5
2014,Western Conf Semifinals,,Oklahoma City Thunder (2),4,,Los Angeles Clippers (3),2,6
2014,Eastern Conf Finals,,Miami Heat (2),4,,Indiana Pacers (1),2,6
2014,Western Conf Finals,,San Antonio Spurs (1),4,,Oklahoma City Thunder (2),2,6
2014,Finals,,San Antonio Spurs (1),4,,Miami Heat (2),1,5
,,,,,,,,0
2013,Eastern Conf First Round,,Miami Heat (1),4,,Milwaukee Bucks (8),0,4
2013,Eastern Conf First Round,,New York Knicks (2),4,,Boston Celtics (7),2,6
2013,Eastern Conf First Round,,Indiana Pacers (3),4,,Atlanta Hawks (6),2,6
2013,Eastern Conf First Round,,Chicago Bulls (5),4,,Brooklyn Nets (4),3,7
2013,Western Conf First Round,,Oklahoma City Thunder (1),4,,Houston Rockets (8),2,6
2013,Western Conf First Round,,San Antonio Spurs (2),4,,Los Angeles Lakers (7),0,4
2013,Western Conf First Round,,Golden State Warriors (6),4,,Denver Nuggets (3),2,6
2013,Western Conf First Round,,Memphis Grizzlies (5),4,,Los Angeles Clippers (4),2,6
2013,Eastern Conf Semifinals,,Miami Heat (1),4,,Chicago Bulls (5),1,5
2013,Eastern Conf Semifinals,,Indiana Pacers (3),4,,New York Knicks (2),2,6
2013,Western Conf Semifinals,,Memphis Grizzlies (5),4,,Oklahoma City Thunder (1),1,5
2013,Western Conf Semifinals,,San Antonio Spurs (2),4,,Golden State Warriors (6),2,6
2013,Eastern Conf Finals,,Miami Heat (1),4,,Indiana Pacers (3),3,7
2013,Western Conf Finals,,San Antonio Spurs (2),4,,Memphis Grizzlies (5),0,4
2013,Finals,,Miami Heat (1),4,,San Antonio Spurs (2),3,7
,,,,,,,,0
2012,Eastern Conf First Round,,Philadelphia 76ers (8),4,,Chicago Bulls (1),2,6
2012,Eastern Conf First Round,,Miami Heat (2),4,,New York Knicks (7),1,5
2012,Eastern Conf First Round,,Indiana Pacers (3),4,,Orlando Magic (6),1,5
2012,Eastern Conf First Round,,Boston Celtics (4),4,,Atlanta Hawks (5),2,6
2012,Western Conf First Round,,San Antonio Spurs (1),4,,Utah Jazz (8),0,4
2012,Western Conf First Round,,Oklahoma City Thunder (2),4,,Dallas Mavericks (7),0,4
2012,Western Conf First Round,,Los Angeles Lakers (3),4,,Denver Nuggets (6),3,7
2012,Western Conf First Round,,Los Angeles Clippers (5),4,,Memphis Grizzlies (4),3,7
2012,Eastern Conf Semifinals,,Miami Heat (2),4,,Indiana Pacers (3),2,6
2012,Eastern Conf Semifinals,,Boston Celtics (4),4,,Philadelphia 76ers (8),3,7
2012,Western Conf Semifinals,,San Antonio Spurs (1),4,,Los Angeles Clippers (5),0,4
2012,Western Conf Semifinals,,Oklahoma City Thunder (2),4,,Los Angeles Lakers (3),1,5
2012,Western Conf Finals,,Oklahoma City Thunder (2),4,,San Antonio Spurs (1),2,6
2012,Eastern Conf Finals,,Miami Heat (2),4,,Boston Celtics (4),3,7
2012,Finals,,Miami Heat (2),4,,Oklahoma City Thunder (2),1,5
Yr,Series,,Team,W,,Team,W,0
2011,Eastern Conf First Round,,Chicago Bulls (1),4,,Indiana Pacers (8),1,5
2011,Eastern Conf First Round,,Miami Heat (2),4,,Philadelphia 76ers (7),1,5
2011,Eastern Conf First Round,,Boston Celtics (3),4,,New York Knicks (6),0,4
2011,Eastern Conf First Round,,Atlanta Hawks (5),4,,Orlando Magic (4),2,6
2011,Western Conf First Round,,Memphis Grizzlies (8),4,,San Antonio Spurs (1),2,6
2011,Western Conf First Round,,Los Angeles Lakers (2),4,,New Orleans Hornets (7),2,6
2011,Western Conf First Round,,Dallas Mavericks (3),4,,Portland Trail Blazers (6),2,6
2011,Western Conf First Round,,Oklahoma City Thunder (4),4,,Denver Nuggets (5),1,5
2011,Eastern Conf Semifinals,,Chicago Bulls (1),4,,Atlanta Hawks (5),2,6
2011,Eastern Conf Semifinals,,Miami Heat (2),4,,Boston Celtics (3),1,5
2011,Western Conf Semifinals,,Dallas Mavericks (3),4,,Los Angeles Lakers (2),0,4
2011,Western Conf Semifinals,,Oklahoma City Thunder (4),4,,Memphis Grizzlies (8),3,7
2011,Eastern Conf Finals,,Miami Heat (2),4,,Chicago Bulls (1),1,5
2011,Western Conf Finals,,Dallas Mavericks (3),4,,Oklahoma City Thunder (4),1,5
2011,Finals,,Dallas Mavericks (3),4,,Miami Heat (2),2,6
,,,,,,,,0
2010,Eastern Conf First Round,,Cleveland Cavaliers (1),4,,Chicago Bulls (8),1,5
2010,Eastern Conf First Round,,Orlando Magic (2),4,,Charlotte Bobcats (7),0,4
2010,Eastern Conf First Round,,Atlanta Hawks (3),4,,Milwaukee Bucks (6),3,7
2010,Eastern Conf First Round,,Boston Celtics (4),4,,Miami Heat (5),1,5
2010,Western Conf First Round,,Los Angeles Lakers (1),4,,Oklahoma City Thunder (8),2,6
2010,Western Conf First Round,,San Antonio Spurs (7),4,,Dallas Mavericks (2),2,6
2010,Western Conf First Round,,Phoenix Suns (3),4,,Portland Trail Blazers (6),2,6
2010,Western Conf First Round,,Utah Jazz (5),4,,Denver Nuggets (4),2,6
2010,Eastern Conf Semifinals,,Boston Celtics (4),4,,Cleveland Cavaliers (1),2,6
2010,Eastern Conf Semifinals,,Orlando Magic (2),4,,Atlanta Hawks (3),0,4
2010,Western Conf Semifinals,,Los Angeles Lakers (1),4,,Utah Jazz (5),0,4
2010,Western Conf Semifinals,,Phoenix Suns (3),4,,San Antonio Spurs (7),0,4
2010,Western Conf Finals,,Los Angeles Lakers (1),4,,Phoenix Suns (3),2,6
2010,Eastern Conf Finals,,Boston Celtics (4),4,,Orlando Magic (2),2,6
2010,Finals,,Los Angeles Lakers (1),4,,Boston Celtics (4),3,7
,,,,,,,,0
2009,Eastern Conf First Round,,Cleveland Cavaliers (1),4,,Detroit Pistons (8),0,4
2009,Eastern Conf First Round,,Boston Celtics (2),4,,Chicago Bulls (7),3,7
2009,Eastern Conf First Round,,Orlando Magic (3),4,,Philadelphia 76ers (6),2,6
2009,Eastern Conf First Round,,Atlanta Hawks (4),4,,Miami Heat (5),3,7
2009,Western Conf First Round,,Los Angeles Lakers (1),4,,Utah Jazz (8),1,5
2009,Western Conf First Round,,Denver Nuggets (2),4,,New Orleans Hornets (7),1,5
2009,Western Conf First Round,,Dallas Mavericks (6),4,,San Antonio Spurs (3),1,5
2009,Western Conf First Round,,Houston Rockets (5),4,,Portland Trail Blazers (4),2,6
2009,Western Conf Semifinals,,Los Angeles Lakers (1),4,,Houston Rockets (5),3,7
2009,Western Conf Semifinals,,Denver Nuggets (2),4,,Dallas Mavericks (6),1,5
2009,Eastern Conf Semifinals,,Cleveland Cavaliers (1),4,,Atlanta Hawks (4),0,4
2009,Eastern Conf Semifinals,,Orlando Magic (3),4,,Boston Celtics (2),3,7
2009,Eastern Conf Finals,,Orlando Magic (3),4,,Cleveland Cavaliers (1),2,6
2009,Western Conf Finals,,Los Angeles Lakers (1),4,,Denver Nuggets (2),2,6
2009,Finals,,Los Angeles Lakers (1),4,,Orlando Magic (3),1,5
Yr,Series,,Team,W,,Team,W,0
2008,Eastern Conf First Round,,Boston Celtics (1),4,,Atlanta Hawks (8),3,7
2008,Eastern Conf First Round,,Detroit Pistons (2),4,,Philadelphia 76ers (7),2,6
2008,Eastern Conf First Round,,Orlando Magic (3),4,,Toronto Raptors (6),1,5
2008,Eastern Conf First Round,,Cleveland Cavaliers (4),4,,Washington Wizards (5),2,6
2008,Western Conf First Round,,Los Angeles Lakers (1),4,,Denver Nuggets (8),0,4
2008,Western Conf First Round,,New Orleans Hornets (2),4,,Dallas Mavericks (7),1,5
2008,Western Conf First Round,,San Antonio Spurs (3),4,,Phoenix Suns (6),1,5
2008,Western Conf First Round,,Utah Jazz (4),4,,Houston Rockets (5),2,6
2008,Eastern Conf Semifinals,,Boston Celtics (1),4,,Cleveland Cavaliers (4),3,7
2008,Eastern Conf Semifinals,,Detroit Pistons (2),4,,Orlando Magic (3),1,5
2008,Western Conf Semifinals,,Los Angeles Lakers (1),4,,Utah Jazz (4),2,6
2008,Western Conf Semifinals,,San Antonio Spurs (3),4,,New Orleans Hornets (2),3,7
2008,Eastern Conf Finals,,Boston Celtics (1),4,,Detroit Pistons (2),2,6
2008,Western Conf Finals,,Los Angeles Lakers (1),4,,San Antonio Spurs (3),1,5
2008,Finals,,Boston Celtics (1),4,,Los Angeles Lakers (1),2,6
,,,,,,,,0
2007,Eastern Conf First Round,,Chicago Bulls (5),4,,Miami Heat (4),0,4
2007,Eastern Conf First Round,,Cleveland Cavaliers (2),4,,Washington Wizards (7),0,4
2007,Eastern Conf First Round,,Detroit Pistons (1),4,,Orlando Magic (8),0,4
2007,Eastern Conf First Round,,New Jersey Nets (6),4,,Toronto Raptors (3),2,6
2007,Western Conf First Round,,Golden State Warriors (8),4,,Dallas Mavericks (1),2,6
2007,Western Conf First Round,,Phoenix Suns (2),4,,Los Angeles Lakers (7),1,5
2007,Western Conf First Round,,San Antonio Spurs (3),4,,Denver Nuggets (6),1,5
2007,Western Conf First Round,,Utah Jazz (4),4,,Houston Rockets (5),3,7
2007,Eastern Conf Semifinals,,Cleveland Cavaliers (2),4,,New Jersey Nets (6),2,6
2007,Eastern Conf Semifinals,,Detroit Pistons (1),4,,Chicago Bulls (5),2,6
2007,Western Conf Semifinals,,San Antonio Spurs (3),4,,Phoenix Suns (2),2,6
2007,Western Conf Semifinals,,Utah Jazz (4),4,,Golden State Warriors (8),1,5
2007,Eastern Conf Finals,,Cleveland Cavaliers (2),4,,Detroit Pistons (1),2,6
2007,Western Conf Finals,,San Antonio Spurs (3),4,,Utah Jazz (4),1,5
2007,Finals,,San Antonio Spurs (3),4,,Cleveland Cavaliers (2),0,4
,,,,,,,,0
2006,Eastern Conf First Round,,Cleveland Cavaliers (4),4,,Washington Wizards (5),2,6
2006,Eastern Conf First Round,,Detroit Pistons (1),4,,Milwaukee Bucks (8),1,5
2006,Eastern Conf First Round,,Miami Heat (2),4,,Chicago Bulls (7),2,6
2006,Eastern Conf First Round,,New Jersey Nets (3),4,,Indiana Pacers (6),2,6
2006,Western Conf First Round,,Dallas Mavericks (4),4,,Memphis Grizzlies (5),0,4
2006,Western Conf First Round,,Los Angeles Clippers (6),4,,Denver Nuggets (3),1,5
2006,Western Conf First Round,,Phoenix Suns (2),4,,Los Angeles Lakers (7),3,7
2006,Western Conf First Round,,San Antonio Spurs (1),4,,Sacramento Kings (8),2,6
2006,Eastern Conf Semifinals,,Detroit Pistons (1),4,,Cleveland Cavaliers (4),3,7
2006,Eastern Conf Semifinals,,Miami Heat (2),4,,New Jersey Nets (3),1,5
2006,Western Conf Semifinals,,Dallas Mavericks (4),4,,San Antonio Spurs (1),3,7
2006,Western Conf Semifinals,,Phoenix Suns (2),4,,Los Angeles Clippers (6),3,7
2006,Eastern Conf Finals,,Miami Heat (2),4,,Detroit Pistons (1),2,6
2006,Western Conf Finals,,Dallas Mavericks (4),4,,Phoenix Suns (2),2,6
2006,Finals,,Miami Heat (2),4,,Dallas Mavericks (4),2,6
Yr,Series,,Team,W,,Team,W,0
2005,Eastern Conf First Round,,Detroit Pistons (2),4,,Philadelphia 76ers (7),1,5
2005,Eastern Conf First Round,,Indiana Pacers (6),4,,Boston Celtics (3),3,7
2005,Eastern Conf First Round,,Miami Heat (1),4,,New Jersey Nets (8),0,4
2005,Eastern Conf First Round,,Washington Wizards (5),4,,Chicago Bulls (4),2,6
2005,Western Conf First Round,,Dallas Mavericks (4),4,,Houston Rockets (5),3,7
2005,Western Conf First Round,,Phoenix Suns (1),4,,Memphis Grizzlies (8),0,4
2005,Western Conf First Round,,San Antonio Spurs (2),4,,Denver Nuggets (7),1,5
2005,Western Conf First Round,,Seattle SuperSonics (3),4,,Sacramento Kings (6),1,5
2005,Eastern Conf Semifinals,,Detroit Pistons (2),4,,Indiana Pacers (6),2,6
2005,Eastern Conf Semifinals,,Miami Heat (1),4,,Washington Wizards (5),0,4
2005,Western Conf Semifinals,,Phoenix Suns (1),4,,Dallas Mavericks (4),2,6
2005,Western Conf Semifinals,,San Antonio Spurs (2),4,,Seattle SuperSonics (3),2,6
2005,Eastern Conf Finals,,Detroit Pistons (2),4,,Miami Heat (1),3,7
2005,Western Conf Finals,,San Antonio Spurs (2),4,,Phoenix Suns (1),1,5
2005,Finals,,San Antonio Spurs (2),4,,Detroit Pistons (2),3,7
,,,,,,,,0
2004,Eastern Conf First Round,,Detroit Pistons (3),4,,Milwaukee Bucks (6),1,5
2004,Eastern Conf First Round,,Indiana Pacers (1),4,,Boston Celtics (8),0,4
2004,Eastern Conf First Round,,Miami Heat (4),4,,New Orleans Hornets (5),3,7
2004,Eastern Conf First Round,,New Jersey Nets (2),4,,New York Knicks (7),0,4
2004,Western Conf First Round,,Los Angeles Lakers (2),4,,Houston Rockets (7),1,5
2004,Western Conf First Round,,Minnesota Timberwolves (1),4,,Denver Nuggets (8),1,5
2004,Western Conf First Round,,Sacramento Kings (4),4,,Dallas Mavericks (5),1,5
2004,Western Conf First Round,,San Antonio Spurs (3),4,,Memphis Grizzlies (6),0,4
2004,Eastern Conf Semifinals,,Detroit Pistons (3),4,,New Jersey Nets (2),3,7
2004,Eastern Conf Semifinals,,Indiana Pacers (1),4,,Miami Heat (4),2,6
2004,Western Conf Semifinals,,Los Angeles Lakers (2),4,,San Antonio Spurs (3),2,6
2004,Western Conf Semifinals,,Minnesota Timberwolves (1),4,,Sacramento Kings (4),3,7
2004,Eastern Conf Finals,,Detroit Pistons (3),4,,Indiana Pacers (1),2,6
2004,Western Conf Finals,,Los Angeles Lakers (2),4,,Minnesota Timberwolves (1),2,6
2004,Finals,,Detroit Pistons (3),4,,Los Angeles Lakers (2),1,5
,,,,,,,,0
2003,Eastern Conf First Round,,Boston Celtics (6),4,,Indiana Pacers (3),2,6
2003,Eastern Conf First Round,,Detroit Pistons (1),4,,Orlando Magic (8),3,7
2003,Eastern Conf First Round,,New Jersey Nets (2),4,,Milwaukee Bucks (7),2,6
2003,Eastern Conf First Round,,Philadelphia 76ers (4),4,,New Orleans Hornets (5),2,6
2003,Western Conf First Round,,Dallas Mavericks (3),4,,Portland Trail Blazers (6),3,7
2003,Western Conf First Round,,Los Angeles Lakers (5),4,,Minnesota Timberwolves (4),2,6
2003,Western Conf First Round,,Sacramento Kings (2),4,,Utah Jazz (7),1,5
2003,Western Conf First Round,,San Antonio Spurs (1),4,,Phoenix Suns (8),2,6
2003,Eastern Conf Semifinals,,Detroit Pistons (1),4,,Philadelphia 76ers (4),2,6
2003,Eastern Conf Semifinals,,New Jersey Nets (2),4,,Boston Celtics (6),0,4
2003,Western Conf Semifinals,,Dallas Mavericks (3),4,,Sacramento Kings (2),3,7
2003,Western Conf Semifinals,,San Antonio Spurs (1),4,,Los Angeles Lakers (5),2,6
2003,Eastern Conf Finals,,New Jersey Nets (2),4,,Detroit Pistons (1),0,4
2003,Western Conf Finals,,San Antonio Spurs (1),4,,Dallas Mavericks (3),2,6
2003,Finals,,San Antonio Spurs (1),4,,New Jersey Nets (2),2,6
Yr,Series,,Team,W,,Team,W,0
2002,Eastern Conf First Round,,Boston Celtics (3),3,,Philadelphia 76ers (6),2,5
2002,Eastern Conf First Round,,Charlotte Hornets (4),3,,Orlando Magic (5),1,4
2002,Eastern Conf First Round,,Detroit Pistons (2),3,,Toronto Raptors (7),2,5
2002,Eastern Conf First Round,,New Jersey Nets (1),3,,Indiana Pacers (8),2,5
2002,Western Conf First Round,,Dallas Mavericks (4),3,,Minnesota Timberwolves (5),0,3
2002,Western Conf First Round,,Los Angeles Lakers (3),3,,Portland Trail Blazers (6),0,3
2002,Western Conf First Round,,Sacramento Kings (1),3,,Utah Jazz (8),1,4
2002,Western Conf First Round,,San Antonio Spurs (2),3,,Seattle SuperSonics (7),2,5
2002,Eastern Conf Semifinals,,Boston Celtics (3),4,,Detroit Pistons (2),1,5
2002,Eastern Conf Semifinals,,New Jersey Nets (1),4,,Charlotte Hornets (4),1,5
2002,Western Conf Semifinals,,Los Angeles Lakers (3),4,,San Antonio Spurs (2),1,5
2002,Western Conf Semifinals,,Sacramento Kings (1),4,,Dallas Mavericks (4),1,5
2002,Eastern Conf Finals,,New Jersey Nets (1),4,,Boston Celtics (3),2,6
2002,Western Conf Finals,,Los Angeles Lakers (3),4,,Sacramento Kings (1),3,7
2002,Finals,,Los Angeles Lakers (3),4,,New Jersey Nets (1),0,4
,,,,,,,,0
2001,Eastern Conf First Round,,Charlotte Hornets (6),3,,Miami Heat (3),0,3
2001,Eastern Conf First Round,,Milwaukee Bucks (2),3,,Orlando Magic (7),1,4
2001,Eastern Conf First Round,,Philadelphia 76ers (1),3,,Indiana Pacers (8),1,4
2001,Eastern Conf First Round,,Toronto Raptors (5),3,,New York Knicks (4),2,5
2001,Western Conf First Round,,Dallas Mavericks (5),3,,Utah Jazz (4),2,5
2001,Western Conf First Round,,Los Angeles Lakers (2),3,,Portland Trail Blazers (7),0,3
2001,Western Conf First Round,,Sacramento Kings (3),3,,Phoenix Suns (6),1,4
2001,Western Conf First Round,,San Antonio Spurs (1),3,,Minnesota Timberwolves (8),1,4
2001,Eastern Conf Semifinals,,Milwaukee Bucks (2),4,,Charlotte Hornets (6),3,7
2001,Eastern Conf Semifinals,,Philadelphia 76ers (1),4,,Toronto Raptors (5),3,7
2001,Western Conf Semifinals,,Los Angeles Lakers (2),4,,Sacramento Kings (3),0,4
2001,Western Conf Semifinals,,San Antonio Spurs (1),4,,Dallas Mavericks (5),1,5
2001,Eastern Conf Finals,,Philadelphia 76ers (1),4,,Milwaukee Bucks (2),3,7
2001,Western Conf Finals,,Los Angeles Lakers (2),4,,San Antonio Spurs (1),0,4
2001,Finals,,Los Angeles Lakers (2),4,,Philadelphia 76ers (1),1,5
